Month,Weekly_Sales
1.0,21837.68581010453
2.0,25302.97832748538
3.0,24091.268754010696
4.0,23991.75347979798
5.0,24093.683561403508
6.0,24798.314364130434
7.0,23377.09231898734
8.0,24112.96557112069
9.0,22515.93118247299
10.0,22616.233089637633
11.0,26231.993359375003
12.0,28950.496444906443
